Preliminary Day-ahead Scheduling Reserve Summary,,,,,,
Month:,"November, 2011 ",Report Creation Timestamp (EPT):, 11/03/2012 05:34:19 PM,,,
EPT Hour Ending,GMT Hour Ending,DASRMCP ($/MWh),Total PJM RT Load (MWh),Total PJM Cleared DASR MWh,Total PJM DASR Credits ($),Total PJM Adjusted DASR Obligation (MWh)
11/01/2011 01,11/01/2011 05,0,70416.734,4946,0,4946
11/01/2011 02,11/01/2011 06,0,68340.927,4945.7,0,4945.7
11/01/2011 03,11/01/2011 07,0,67289.297,5031.4,0,5031.4
11/01/2011 04,11/01/2011 08,0,67301.667,5109.5,0,5109.5
11/01/2011 05,11/01/2011 09,0,68946.254,5170.7,0,5170.7
11/01/2011 06,11/01/2011 10,0,73840.5,5038,0,5038
11/01/2011 07,11/01/2011 11,0,82841.452,6016.8,0,6016.8
11/01/2011 08,11/01/2011 12,0.01,89076.813,5867.9,58.63,5867.9
11/01/2011 09,11/01/2011 13,0.01,89050.313,5867.5,58.7,5867.5
11/01/2011 10,11/01/2011 14,0.01,87745.697,5868.2,58.67,5868.2
11/01/2011 11,11/01/2011 15,0,86447.251,5883.4,0,5883.4
11/01/2011 12,11/01/2011 16,0,84861.653,6017.8,0,6017.8
11/01/2011 13,11/01/2011 17,0,83460.839,5891.4,0,5891.4
11/01/2011 14,11/01/2011 18,0,82434.542,6031.5,0,6031.5
11/01/2011 15,11/01/2011 19,0,81296.555,6001.9,0,6001.9
11/01/2011 16,11/01/2011 20,0,80508.6,5885.8,0,5885.8
11/01/2011 17,11/01/2011 21,0,80485.212,5545.8,0,5545.8
11/01/2011 18,11/01/2011 22,0,81509.482,5401.4,0,5401.4
11/01/2011 19,11/01/2011 23,0.01,85762.461,4496.3,44.95,4496.3
11/01/2011 20,11/02/2011 00,0.02,88836.796,4496.3,89.91,4496.3
11/01/2011 21,11/02/2011 01,0.01,87580.938,4496.8,44.99,4496.8
11/01/2011 22,11/02/2011 02,0,84565.276,4487,0,4487
11/01/2011 23,11/02/2011 03,0,79223.849,4702.8,0,4702.8
11/01/2011 24,11/02/2011 04,0,73740.078,4679,0,4679
11/02/2011 01,11/02/2011 05,0,69723.648,4597.7,0,4597.7
11/02/2011 02,11/02/2011 06,0,67834.376,4805.8,0,4805.8
11/02/2011 03,11/02/2011 07,0,67093.401,4711.6,0,4711.6
11/02/2011 04,11/02/2011 08,0,67192.434,4660.1,0,4660.1
11/02/2011 05,11/02/2011 09,0,69116.651,4675.4,0,4675.4
11/02/2011 06,11/02/2011 10,0,74437.529,4673.7,0,4673.7
11/02/2011 07,11/02/2011 11,0.01,83814.646,5505.1,55.1,5505.1
11/02/2011 08,11/02/2011 12,0.04,90162.9,5616.4,224.68,5616.4
11/02/2011 09,11/02/2011 13,0.04,89855.285,5660.5,226.39,5660.5
11/02/2011 10,11/02/2011 14,0.01,88033.194,5744.1,57.48,5744.1
11/02/2011 11,11/02/2011 15,0.02,85907.776,5763.7,115.3,5763.7
11/02/2011 12,11/02/2011 16,0.01,84530.617,5690,56.95,5690
11/02/2011 13,11/02/2011 17,0,83300.601,5759.4,0,5759.4
11/02/2011 14,11/02/2011 18,0,82264.3,5766.7,0,5766.7
11/02/2011 15,11/02/2011 19,0,81243.699,5749.9,0,5749.9
11/02/2011 16,11/02/2011 20,0,80393.973,5761,0,5761
11/02/2011 17,11/02/2011 21,0,80300.184,5184.4,0,5184.4
11/02/2011 18,11/02/2011 22,0,81207.447,5188.5,0,5188.5
11/02/2011 19,11/02/2011 23,0.02,85621.466,4344.5,86.94,4344.5
11/02/2011 20,11/03/2011 00,0.02,87779.692,4150.5,83.03,4150.5
11/02/2011 21,11/03/2011 01,0,86519.782,4148.5,0,4148.5
11/02/2011 22,11/03/2011 02,0,83274.638,4191.7,0,4191.7
11/02/2011 23,11/03/2011 03,0,77925.351,4220,0,4220
11/02/2011 24,11/03/2011 04,0,72431.809,4265.6,0,4265.6
11/03/2011 01,11/03/2011 05,0,68403.978,5144.4,0,5144.4
11/03/2011 02,11/03/2011 06,0,66256.212,5079.2,0,5079.2
11/03/2011 03,11/03/2011 07,0,65330.388,5196,0,5196
11/03/2011 04,11/03/2011 08,0,65375.233,5144.4,0,5144.4
11/03/2011 05,11/03/2011 09,0,67052.013,5144.5,0,5144.5
11/03/2011 06,11/03/2011 10,0,72076.086,4893.5,0,4893.5
11/03/2011 07,11/03/2011 11,0,81461.424,5914,0,5914
11/03/2011 08,11/03/2011 12,0.01,87671.005,5807.1,58.09,5807.1
11/03/2011 09,11/03/2011 13,0.01,88007.725,5833.3,58.31,5833.3
11/03/2011 10,11/03/2011 14,0.01,86724.592,5837.8,58.4,5837.8
11/03/2011 11,11/03/2011 15,0,85594.929,5841.6,0,5841.6
11/03/2011 12,11/03/2011 16,0,84333.17,5967.1,0,5967.1
11/03/2011 13,11/03/2011 17,0,83432.134,5850.1,0,5850.1
11/03/2011 14,11/03/2011 18,0,82640.093,6019.4,0,6019.4
11/03/2011 15,11/03/2011 19,0,81683.398,5913.4,0,5913.4
11/03/2011 16,11/03/2011 20,0,80974.614,5973.2,0,5973.2
11/03/2011 17,11/03/2011 21,0,81051.01,5511.9,0,5511.9
11/03/2011 18,11/03/2011 22,0,82097.832,5418.5,0,5418.5
11/03/2011 19,11/03/2011 23,0.01,86427.976,4548,45.51,4548
11/03/2011 20,11/04/2011 00,0,87837.443,4557.9,0,4557.9
11/03/2011 21,11/04/2011 01,0,86291.715,4584.1,0,4584.1
11/03/2011 22,11/04/2011 02,0,82975.63,4607.8,0,4607.8
11/03/2011 23,11/04/2011 03,0,77507.348,4753.3,0,4753.3
11/03/2011 24,11/04/2011 04,0,71864.442,4669.4,0,4669.4
11/04/2011 01,11/04/2011 05,0,67738.684,4866.6,0,4866.6
11/04/2011 02,11/04/2011 06,0,65303.914,4880.6,0,4880.6
11/04/2011 03,11/04/2011 07,0,63951.49,4880.6,0,4880.6
11/04/2011 04,11/04/2011 08,0,63538.344,4935.2,0,4935.2
11/04/2011 05,11/04/2011 09,0,64860.054,4870.6,0,4870.6
11/04/2011 06,11/04/2011 10,0,69359.563,4870.6,0,4870.6
11/04/2011 07,11/04/2011 11,0,77962.943,5812.5,0,5812.5
11/04/2011 08,11/04/2011 12,0.01,84124.803,5711.5,57.16,5711.5
11/04/2011 09,11/04/2011 13,0,84861.26,5734,0,5734
11/04/2011 10,11/04/2011 14,0,84854.25,5722.9,0,5722.9
11/04/2011 11,11/04/2011 15,0,84845.428,5830.6,0,5830.6
11/04/2011 12,11/04/2011 16,0,84049.638,5895.6,0,5895.6
11/04/2011 13,11/04/2011 17,0,82778.712,5765.6,0,5765.6
11/04/2011 14,11/04/2011 18,0,81715.568,5895.6,0,5895.6
11/04/2011 15,11/04/2011 19,0,80421.704,5771.1,0,5771.1
11/04/2011 16,11/04/2011 20,0,79270.129,5829.3,0,5829.3
11/04/2011 17,11/04/2011 21,0,79033.142,5290.6,0,5290.6
11/04/2011 18,11/04/2011 22,0,79705.467,5270,0,5270
11/04/2011 19,11/04/2011 23,0,83529.983,4354.1,0,4354.1
11/04/2011 20,11/05/2011 00,0,85445.368,4354.1,0,4354.1
11/04/2011 21,11/05/2011 01,0,84263.253,4123.4,0,4123.4
11/04/2011 22,11/05/2011 02,0,82080.073,4405.6,0,4405.6
11/04/2011 23,11/05/2011 03,0,78617.84,4470.6,0,4470.6
11/04/2011 24,11/05/2011 04,0,73918.41,4473.7,0,4473.7
11/05/2011 01,11/05/2011 05,0,70075.986,4414.3,0,4414.3
11/05/2011 02,11/05/2011 06,0,67604.556,4426.4,0,4426.4
11/05/2011 03,11/05/2011 07,0,66729.324,4506,0,4506
11/05/2011 04,11/05/2011 08,0,66535.365,4421.7,0,4421.7
11/05/2011 05,11/05/2011 09,0,67105.95,4510.2,0,4510.2
11/05/2011 06,11/05/2011 10,0,69225.383,4459.3,0,4459.3
11/05/2011 07,11/05/2011 11,0,73314.809,4464.4,0,4464.4
11/05/2011 08,11/05/2011 12,0.01,77567.324,4377.1,43.82,4377.1
11/05/2011 09,11/05/2011 13,0.01,80319.107,4389,43.89,4389
11/05/2011 10,11/05/2011 14,0.01,81323.635,4386,43.89,4386
11/05/2011 11,11/05/2011 15,0.01,80773.148,4383.4,43.9,4383.4
11/05/2011 12,11/05/2011 16,0.01,78977.051,4349.4,43.52,4349.4
11/05/2011 13,11/05/2011 17,0,76744.92,4389.3,0,4389.3
11/05/2011 14,11/05/2011 18,0,74445.237,4375.3,0,4375.3
11/05/2011 15,11/05/2011 19,0,72775.328,4402.1,0,4402.1
11/05/2011 16,11/05/2011 20,0,71813.687,4421.8,0,4421.8
11/05/2011 17,11/05/2011 21,0,71952.477,4518.8,0,4518.8
11/05/2011 18,11/05/2011 22,0,73399.855,4498.5,0,4498.5
11/05/2011 19,11/05/2011 23,0.01,78125.334,4398,44.02,4398
11/05/2011 20,11/06/2011 00,0.01,80838.091,4380.1,43.82,4380.1
11/05/2011 21,11/06/2011 01,0.01,80372.561,4385.4,43.87,4385.4
11/05/2011 22,11/06/2011 02,0,78920.685,4521.1,0,4521.1
11/05/2011 23,11/06/2011 03,0,76116.126,4464.6,0,4464.6
11/05/2011 24,11/06/2011 04,0,72623.399,4410.5,0,4410.5
11/06/2011 01,11/06/2011 05,0,69167.457,4395.5,0,4395.5
11/06/2011 02,11/06/2011 06,0,67565.83,4399,0,4399
11/06/2011 02,11/06/2011 07,0,65412.129,4433,0,4433
11/06/2011 03,11/06/2011 08,0,65848.126,4440.7,0,4440.7
11/06/2011 04,11/06/2011 09,0,66117.531,4559.1,0,4559.1
11/06/2011 05,11/06/2011 10,0,66762.619,4439.8,0,4439.8
11/06/2011 06,11/06/2011 11,0,68365.54,4462.3,0,4462.3
11/06/2011 07,11/06/2011 12,0,71354.141,4489.9,0,4489.9
11/06/2011 08,11/06/2011 13,0,73976.248,4364.3,0,4364.3
11/06/2011 09,11/06/2011 14,0,75883.205,4482.9,0,4482.9
11/06/2011 10,11/06/2011 15,0,75514.43,4483.2,0,4483.2
11/06/2011 11,11/06/2011 16,0,74066.434,4417.7,0,4417.7
11/06/2011 12,11/06/2011 17,0,72484.869,4507.8,0,4507.8
11/06/2011 13,11/06/2011 18,0,71657.956,4457,0,4457
11/06/2011 14,11/06/2011 19,0,70507.275,4444,0,4444
11/06/2011 15,11/06/2011 20,0,69902.615,4390.7,0,4390.7
11/06/2011 16,11/06/2011 21,0,70311.917,4566.4,0,4566.4
11/06/2011 17,11/06/2011 22,0,72130.016,4427.3,0,4427.3
11/06/2011 18,11/06/2011 23,0.01,78014.108,4409.6,44.08,4409.6
11/06/2011 19,11/07/2011 00,0.02,81368.602,4413.9,88.25,4413.9
11/06/2011 20,11/07/2011 01,0.01,81062.668,4389.1,43.9,4389.1
11/06/2011 21,11/07/2011 02,0.01,79763.104,4363,43.62,4363
11/06/2011 22,11/07/2011 03,0,76347.739,4468.8,0,4468.8
11/06/2011 23,11/07/2011 04,0,73075.932,4503.1,0,4503.1
11/06/2011 24,11/07/2011 05,0,68804.086,4560.3,0,4560.3
11/07/2011 01,11/07/2011 06,0,66580.557,5340.6,0,5340.6
11/07/2011 02,11/07/2011 07,0,65059.627,5257.8,0,5257.8
11/07/2011 03,11/07/2011 08,0,64798.622,5321.9,0,5321.9
11/07/2011 04,11/07/2011 09,0,65355.316,5338.5,0,5338.5
11/07/2011 05,11/07/2011 10,0,67625.286,5173.8,0,5173.8
11/07/2011 06,11/07/2011 11,0,73600.574,5193.3,0,5193.3
11/07/2011 07,11/07/2011 12,0.01,82524.825,5975,59.8,5975
11/07/2011 08,11/07/2011 13,0.01,86775.384,6059.8,60.66,6059.8
11/07/2011 09,11/07/2011 14,0.01,86878.471,6060.1,60.66,6060.1
11/07/2011 10,11/07/2011 15,0.01,85901.602,6060.1,60.66,6060.1
11/07/2011 11,11/07/2011 16,0.01,85007.177,6065.5,60.69,6065.5
11/07/2011 12,11/07/2011 17,0,83889.485,6070.9,0,6070.9
11/07/2011 13,11/07/2011 18,0,83078.913,6066.1,0,6066.1
11/07/2011 14,11/07/2011 19,0,82282.787,6067.6,0,6067.6
11/07/2011 15,11/07/2011 20,0,81661.92,5988.2,0,5988.2
11/07/2011 16,11/07/2011 21,0,81102.009,6138.8,0,6138.8
11/07/2011 17,11/07/2011 22,0,82002.726,5606.9,0,5606.9
11/07/2011 18,11/07/2011 23,0.02,87115.219,5582.3,111.6,5582.3
11/07/2011 19,11/08/2011 00,0.02,89070.919,4712.2,94.2,4712.2
11/07/2011 20,11/08/2011 01,0.02,87690.396,4717.1,94.3,4717.1
11/07/2011 21,11/08/2011 02,0.01,85331.66,4717.3,47.21,4717.3
11/07/2011 22,11/08/2011 03,0,81455.15,4735.3,0,4735.3
11/07/2011 23,11/08/2011 04,0,76244.785,4699.6,0,4699.6
11/07/2011 24,11/08/2011 05,0,71077.568,4765.2,0,4765.2
11/08/2011 01,11/08/2011 06,0,67401.109,5094.1,0,5094.1
11/08/2011 02,11/08/2011 07,0,65483.265,5162.3,0,5162.3
11/08/2011 03,11/08/2011 08,0,64885.464,5173.6,0,5173.6
11/08/2011 04,11/08/2011 09,0,64943.488,5140.7,0,5140.7
11/08/2011 05,11/08/2011 10,0,66979.591,5169.3,0,5169.3
11/08/2011 06,11/08/2011 11,0,72291.725,5148.5,0,5148.5
11/08/2011 07,11/08/2011 12,0.01,80746.878,5870.2,58.7,5870.2
11/08/2011 08,11/08/2011 13,0.02,84802.81,5874.8,117.5,5874.8
11/08/2011 09,11/08/2011 14,0.01,85069.437,5896.3,58.95,5896.3
11/08/2011 10,11/08/2011 15,0.01,84232.636,5887.4,58.88,5887.4
11/08/2011 11,11/08/2011 16,0.01,83919.63,5906.6,59.07,5906.6
11/08/2011 12,11/08/2011 17,0.01,83316.225,5801.4,58,5801.4
11/08/2011 13,11/08/2011 18,0.01,82629.151,5912.7,59.13,5912.7
11/08/2011 14,11/08/2011 19,0.01,82568.662,5905.7,59.04,5905.7
11/08/2011 15,11/08/2011 20,0.01,81873.761,5915.5,59.13,5915.5
11/08/2011 16,11/08/2011 21,0,81104.783,5946.1,0,5946.1
11/08/2011 17,11/08/2011 22,0.01,81965.869,5439.9,54.4,5439.9
11/08/2011 18,11/08/2011 23,0.02,86709.202,5470.9,109.42,5470.9
11/08/2011 19,11/09/2011 00,0.02,88312.945,4620.8,92.41,4620.8
11/08/2011 20,11/09/2011 01,0.02,86875.09,4575.9,91.51,4575.9
11/08/2011 21,11/09/2011 02,0.01,84832.723,4542.6,45.42,4542.6
11/08/2011 22,11/09/2011 03,0,81059.086,4593.8,0,4593.8
11/08/2011 23,11/09/2011 04,0,75745.963,4572.9,0,4572.9
11/08/2011 24,11/09/2011 05,0,70372.333,4580,0,4580
11/09/2011 01,11/09/2011 06,0,66685.371,5210.9,0,5210.9
11/09/2011 02,11/09/2011 07,0,64860.983,5227,0,5227
11/09/2011 03,11/09/2011 08,0,64177.673,5170.7,0,5170.7
11/09/2011 04,11/09/2011 09,0,64346.073,5229.4,0,5229.4
11/09/2011 05,11/09/2011 10,0,66300.308,5192.1,0,5192.1
11/09/2011 06,11/09/2011 11,0,71849.732,5165.7,0,5165.7
11/09/2011 07,11/09/2011 12,0,80576.096,5998.8,0,5998.8
11/09/2011 08,11/09/2011 13,0,84778.047,5903.2,0,5903.2
11/09/2011 09,11/09/2011 14,0,85077.877,5903.8,0,5903.8
11/09/2011 10,11/09/2011 15,0,83949.45,6086.8,0,6086.8
11/09/2011 11,11/09/2011 16,0,83461.99,5903.9,0,5903.9
11/09/2011 12,11/09/2011 17,0,82704.528,5922.6,0,5922.6
11/09/2011 13,11/09/2011 18,0,82269.463,5895,0,5895
11/09/2011 14,11/09/2011 19,0,81973.953,5853.8,0,5853.8
11/09/2011 15,11/09/2011 20,0,81548.071,5985.4,0,5985.4
11/09/2011 16,11/09/2011 21,0,81266.993,5847.3,0,5847.3
11/09/2011 17,11/09/2011 22,0,82588.184,5425.2,0,5425.2
11/09/2011 18,11/09/2011 23,0.02,87836.952,5353,107.05,5353
11/09/2011 19,11/10/2011 00,0.02,89424.212,4525.2,90.49,4525.2
11/09/2011 20,11/10/2011 01,0.01,87906.028,4533,45.35,4533
11/09/2011 21,11/10/2011 02,0,85713.407,4656.9,0,4656.9
11/09/2011 22,11/10/2011 03,0,81865.615,4659.9,0,4659.9
11/09/2011 23,11/10/2011 04,0,76514.417,4680.3,0,4680.3
11/09/2011 24,11/10/2011 05,0,70830.367,4736.7,0,4736.7
11/10/2011 01,11/10/2011 06,0,66701.565,5467.3,0,5467.3
11/10/2011 02,11/10/2011 07,0,64582.545,5462.6,0,5462.6
11/10/2011 03,11/10/2011 08,0,63481.616,5426.2,0,5426.2
11/10/2011 04,11/10/2011 09,0,63306.583,5460,0,5460
11/10/2011 05,11/10/2011 10,0,64877.355,5407.4,0,5407.4
11/10/2011 06,11/10/2011 11,0,69734.881,5467.2,0,5467.2
11/10/2011 07,11/10/2011 12,0,78202.122,6110.6,0,6110.6
11/10/2011 08,11/10/2011 13,0,82684.188,6097.4,0,6097.4
11/10/2011 09,11/10/2011 14,0,83951.106,6102,0,6102
11/10/2011 10,11/10/2011 15,0,84685.343,6097.1,0,6097.1
11/10/2011 11,11/10/2011 16,0,85158.783,6098.4,0,6098.4
11/10/2011 12,11/10/2011 17,0,84950.73,6101.5,0,6101.5
11/10/2011 13,11/10/2011 18,0,84475.705,6113.2,0,6113.2
11/10/2011 14,11/10/2011 19,0,84551.109,6084.9,0,6084.9
11/10/2011 15,11/10/2011 20,0,84154.068,6152.4,0,6152.4
11/10/2011 16,11/10/2011 21,0,84085.503,6155,0,6155
11/10/2011 17,11/10/2011 22,0.01,86207.649,5698.3,56.97,5698.3
11/10/2011 18,11/10/2011 23,0.01,90898.788,5728.1,57.28,5728.1
11/10/2011 19,11/11/2011 00,0.02,92272.632,4823.2,96.48,4823.2
11/10/2011 20,11/11/2011 01,0.02,91225.014,4823.2,96.47,4823.2
11/10/2011 21,11/11/2011 02,0.01,89582.96,4823.5,48.22,4823.5
11/10/2011 22,11/11/2011 03,0,86078.356,4832.7,0,4832.7
11/10/2011 23,11/11/2011 04,0,81085.895,4969.1,0,4969.1
11/10/2011 24,11/11/2011 05,0,75792.718,4977.4,0,4977.4
11/11/2011 01,11/11/2011 06,0,71908.086,5412.1,0,5412.1
11/11/2011 02,11/11/2011 07,0,69868.839,5496.3,0,5496.3
11/11/2011 03,11/11/2011 08,0,69056.994,5440.6,0,5440.6
11/11/2011 04,11/11/2011 09,0,69025.867,5364.4,0,5364.4
11/11/2011 05,11/11/2011 10,0,70691.991,5393.4,0,5393.4
11/11/2011 06,11/11/2011 11,0,75483.936,5364.7,0,5364.7
11/11/2011 07,11/11/2011 12,0,83005.368,6097.3,0,6097.3
11/11/2011 08,11/11/2011 13,0.02,87375.233,6227.8,124.52,6227.8
11/11/2011 09,11/11/2011 14,0.01,88572.492,6162.5,61.62,6162.5
11/11/2011 10,11/11/2011 15,0,88627.666,6148.1,0,6148.1
11/11/2011 11,11/11/2011 16,0,88355.486,6215.9,0,6215.9
11/11/2011 12,11/11/2011 17,0,87599.638,6255.2,0,6255.2
11/11/2011 13,11/11/2011 18,0,86538.731,6103.7,0,6103.7
11/11/2011 14,11/11/2011 19,0,85598.367,6296.6,0,6296.6
11/11/2011 15,11/11/2011 20,0,84509.864,6153.6,0,6153.6
11/11/2011 16,11/11/2011 21,0,83957.509,5888.7,0,5888.7
11/11/2011 17,11/11/2011 22,0,85515.939,5629.1,0,5629.1
11/11/2011 18,11/11/2011 23,0.01,90951.363,5600.999,56.02,5600.999
11/11/2011 19,11/12/2011 00,0.01,92271.108,4752.5,47.54,4752.5
11/11/2011 20,11/12/2011 01,0.01,90662.343,4757.5,47.58,4757.5
11/11/2011 21,11/12/2011 02,0,89303.167,4866.6,0,4866.6
11/11/2011 22,11/12/2011 03,0,86717.105,4755.6,0,4755.6
11/11/2011 23,11/12/2011 04,0,82818.768,4763.2,0,4763.2
11/11/2011 24,11/12/2011 05,0,78134.288,4889.2,0,4889.2
11/12/2011 01,11/12/2011 06,0,74527.844,4735.6,0,4735.6
11/12/2011 02,11/12/2011 07,0,72577.255,4725.4,0,4725.4
11/12/2011 03,11/12/2011 08,0,71311.251,4639.7,0,4639.7
11/12/2011 04,11/12/2011 09,0,70915.313,4472.3,0,4472.3
11/12/2011 05,11/12/2011 10,0,71595.708,4592.5,0,4592.5
11/12/2011 06,11/12/2011 11,0,73830.631,4620.9,0,4620.9
11/12/2011 07,11/12/2011 12,0.01,77006.342,4703.5,47.06,4703.5
11/12/2011 08,11/12/2011 13,0.01,79349.254,4499.6,45.02,4499.6
11/12/2011 09,11/12/2011 14,0.01,80713.997,4367.8,43.7,4367.8
11/12/2011 10,11/12/2011 15,0.01,80457.086,4439.4,44.41,4439.4
11/12/2011 11,11/12/2011 16,0.01,79273.153,4501.5,45.05,4501.5
11/12/2011 12,11/12/2011 17,0,77394.924,4605.4,0,4605.4
11/12/2011 13,11/12/2011 18,0,75443.18,4552.8,0,4552.8
11/12/2011 14,11/12/2011 19,0,73404.233,4431.6,0,4431.6
11/12/2011 15,11/12/2011 20,0,72127.19,4562.8,0,4562.8
11/12/2011 16,11/12/2011 21,0,71586.343,4368.6,0,4368.6
11/12/2011 17,11/12/2011 22,0,73437.45,4451.5,0,4451.5
11/12/2011 18,11/12/2011 23,0.01,79378.314,4469.9,44.72,4469.9
11/12/2011 19,11/13/2011 00,0.01,81201.654,4489,44.92,4489
11/12/2011 20,11/13/2011 01,0,80085.536,4657.7,0,4657.7
11/12/2011 21,11/13/2011 02,0,78725.503,4644.3,0,4644.3
11/12/2011 22,11/13/2011 03,0,76630.848,4764.5,0,4764.5
11/12/2011 23,11/13/2011 04,0,72981.443,4535.9,0,4535.9
11/12/2011 24,11/13/2011 05,0,69184.6,4526,0,4526
11/13/2011 01,11/13/2011 06,0,65954.173,4510.4,0,4510.4
11/13/2011 02,11/13/2011 07,0,63882.891,4551.7,0,4551.7
11/13/2011 03,11/13/2011 08,0,62792.563,4480.4,0,4480.4
11/13/2011 04,11/13/2011 09,0,62208.91,4340,0,4340
11/13/2011 05,11/13/2011 10,0,62718.445,4372.9,0,4372.9
11/13/2011 06,11/13/2011 11,0,64142.189,4682.4,0,4682.4
11/13/2011 07,11/13/2011 12,0,66449.376,4579.4,0,4579.4
11/13/2011 08,11/13/2011 13,0,68438.664,4668.8,0,4668.8
11/13/2011 09,11/13/2011 14,0,70896.837,4650.3,0,4650.3
11/13/2011 10,11/13/2011 15,0,72023.041,4670,0,4670
11/13/2011 11,11/13/2011 16,0,72027.786,4654.6,0,4654.6
11/13/2011 12,11/13/2011 17,0,71753.187,4722.8,0,4722.8
11/13/2011 13,11/13/2011 18,0,71696.046,4799.8,0,4799.8
11/13/2011 14,11/13/2011 19,0,71174.869,4747.1,0,4747.1
11/13/2011 15,11/13/2011 20,0,70880.51,4750.9,0,4750.9
11/13/2011 16,11/13/2011 21,0,71182.235,4823,0,4823
11/13/2011 17,11/13/2011 22,0,73610.539,4736.9,0,4736.9
11/13/2011 18,11/13/2011 23,0.01,79361.255,4644.8,46.52,4644.8
11/13/2011 19,11/14/2011 00,0.01,81318.814,4644.2,46.44,4644.2
11/13/2011 20,11/14/2011 01,0.01,80323.336,4644.6,46.52,4644.6
11/13/2011 21,11/14/2011 02,0,78734.498,4650.4,0,4650.4
11/13/2011 22,11/14/2011 03,0,75262.051,4676.7,0,4676.7
11/13/2011 23,11/14/2011 04,0,71099.612,4707.1,0,4707.1
11/13/2011 24,11/14/2011 05,0,66577.396,4740.2,0,4740.2
11/14/2011 01,11/14/2011 06,0,63305.504,5288.8,0,5288.8
11/14/2011 02,11/14/2011 07,0,61344.052,5288.8,0,5288.8
11/14/2011 03,11/14/2011 08,0,60371.972,5288.8,0,5288.8
11/14/2011 04,11/14/2011 09,0,60315.53,5288.8,0,5288.8
11/14/2011 05,11/14/2011 10,0,62081.814,5288.8,0,5288.8
11/14/2011 06,11/14/2011 11,0,66906.466,5288.8,0,5288.8
11/14/2011 07,11/14/2011 12,0,75797.421,6143.2,0,6143.2
11/14/2011 08,11/14/2011 13,0,80751.511,5998,0,5998
11/14/2011 09,11/14/2011 14,0,81771.683,6037.4,0,6037.4
11/14/2011 10,11/14/2011 15,0,82016.893,6047.4,0,6047.4
11/14/2011 11,11/14/2011 16,0,82494.83,5977.8,0,5977.8
11/14/2011 12,11/14/2011 17,0,82704.626,6015,0,6015
11/14/2011 13,11/14/2011 18,0,82372.902,6139.7,0,6139.7
11/14/2011 14,11/14/2011 19,0,82355.607,6158.8,0,6158.8
11/14/2011 15,11/14/2011 20,0,81634.493,6043.3,0,6043.3
11/14/2011 16,11/14/2011 21,0,81211.694,5947.7,0,5947.7
11/14/2011 17,11/14/2011 22,0,82282.421,5509.6,0,5509.6
11/14/2011 18,11/14/2011 23,0.01,87519.185,5568.2,55.69,5568.2
11/14/2011 19,11/15/2011 00,0.01,88709.584,4673.3,46.75,4673.3
11/14/2011 20,11/15/2011 01,0,87206.674,4791.6,0,4791.6
11/14/2011 21,11/15/2011 02,0,84784.412,4916.4,0,4916.4
11/14/2011 22,11/15/2011 03,0,80513.914,5015.2,0,5015.2
11/14/2011 23,11/15/2011 04,0,74936.407,4811.4,0,4811.4
11/14/2011 24,11/15/2011 05,0,69081.451,4813.8,0,4813.8
11/15/2011 01,11/15/2011 06,0,64792.389,5192.3,0,5192.3
11/15/2011 02,11/15/2011 07,0,62243.951,5192.3,0,5192.3
11/15/2011 03,11/15/2011 08,0,61013.89,5192.3,0,5192.3
11/15/2011 04,11/15/2011 09,0,60661.067,5192.3,0,5192.3
11/15/2011 05,11/15/2011 10,0,61711.021,5192.3,0,5192.3
11/15/2011 06,11/15/2011 11,0,66218.026,5199.3,0,5199.3
11/15/2011 07,11/15/2011 12,0,74967.861,6078.3,0,6078.3
11/15/2011 08,11/15/2011 13,0,80193.628,6170.7,0,6170.7
11/15/2011 09,11/15/2011 14,0,81528.002,6172.3,0,6172.3
11/15/2011 10,11/15/2011 15,0,82343.619,6091.3,0,6091.3
11/15/2011 11,11/15/2011 16,0,82978.384,6071.3,0,6071.3
11/15/2011 12,11/15/2011 17,0,83105.374,6161.6,0,6161.6
11/15/2011 13,11/15/2011 18,0,83098.821,6129,0,6129
11/15/2011 14,11/15/2011 19,0,82993.857,6050.4,0,6050.4
11/15/2011 15,11/15/2011 20,0,82440.611,6086.3,0,6086.3
11/15/2011 16,11/15/2011 21,0,82165.494,6083.3,0,6083.3
11/15/2011 17,11/15/2011 22,0,84062.397,5605.3,0,5605.3
11/15/2011 18,11/15/2011 23,0.01,88371.655,5471,54.74,5471
11/15/2011 19,11/16/2011 00,0,89072.424,4770.8,0,4770.8
11/15/2011 20,11/16/2011 01,0,87624.612,4705.9,0,4705.9
11/15/2011 21,11/16/2011 02,0,85360.491,4729.3,0,4729.3
11/15/2011 22,11/16/2011 03,0,81384.7,4729,0,4729
11/15/2011 23,11/16/2011 04,0,75571.986,4822.3,0,4822.3
11/15/2011 24,11/16/2011 05,0,69686.668,4817.8,0,4817.8
11/16/2011 01,11/16/2011 06,0,65387.627,4995.3,0,4995.3
11/16/2011 02,11/16/2011 07,0,62856.721,4995.3,0,4995.3
11/16/2011 03,11/16/2011 08,0,61778.739,4995.3,0,4995.3
11/16/2011 04,11/16/2011 09,0,61197.839,4995.3,0,4995.3
11/16/2011 05,11/16/2011 10,0,62529.636,4995.3,0,4995.3
11/16/2011 06,11/16/2011 11,0,67177.847,4995.3,0,4995.3
11/16/2011 07,11/16/2011 12,0,75942.771,5890.3,0,5890.3
11/16/2011 08,11/16/2011 13,0,81519.415,5890.3,0,5890.3
11/16/2011 09,11/16/2011 14,0,82842.552,6149.1,0,6149.1
11/16/2011 10,11/16/2011 15,0,83646.365,6161.7,0,6161.7
11/16/2011 11,11/16/2011 16,0,84567.351,5920.5,0,5920.5
11/16/2011 12,11/16/2011 17,0,84632.354,6091.4,0,6091.4
11/16/2011 13,11/16/2011 18,0,84510.865,6190.3,0,6190.3
11/16/2011 14,11/16/2011 19,0,84496.649,6048.4,0,6048.4
11/16/2011 15,11/16/2011 20,0,84032.301,6222.3,0,6222.3
11/16/2011 16,11/16/2011 21,0,83988.077,6190.3,0,6190.3
11/16/2011 17,11/16/2011 22,0,85937.988,5722.8,0,5722.8
11/16/2011 18,11/16/2011 23,0,90212.79,5656.7,0,5656.7
11/16/2011 19,11/17/2011 00,0,91201.735,4717.4,0,4717.4
11/16/2011 20,11/17/2011 01,0,89675.217,4725.9,0,4725.9
11/16/2011 21,11/17/2011 02,0,87818.041,4782.9,0,4782.9
11/16/2011 22,11/17/2011 03,0,84173.534,4820.4,0,4820.4
11/16/2011 23,11/17/2011 04,0,78674.43,4820.3,0,4820.3
11/16/2011 24,11/17/2011 05,0,72959.076,4520.3,0,4520.3
11/17/2011 01,11/17/2011 06,0,68647.823,4827.2,0,4827.2
11/17/2011 02,11/17/2011 07,0,66418.565,4826.1,0,4826.1
11/17/2011 03,11/17/2011 08,0,65251.139,4826.3,0,4826.3
11/17/2011 04,11/17/2011 09,0,65185.846,4828.2,0,4828.2
11/17/2011 05,11/17/2011 10,0,66678.746,4831.2,0,4831.2
11/17/2011 06,11/17/2011 11,0,71839.263,4916.2,0,4916.2
11/17/2011 07,11/17/2011 12,0,81135.492,6046.6,0,6046.6
11/17/2011 08,11/17/2011 13,0,86401.481,6012.5,0,6012.5
11/17/2011 09,11/17/2011 14,0,87546.221,5998.2,0,5998.2
11/17/2011 10,11/17/2011 15,0,88117.02,6094.1,0,6094.1
11/17/2011 11,11/17/2011 16,0,88890.104,5990,0,5990
11/17/2011 12,11/17/2011 17,0,89029.473,6055.8,0,6055.8
11/17/2011 13,11/17/2011 18,0,88784.381,6124.6,0,6124.6
11/17/2011 14,11/17/2011 19,0,88774.948,6114.6,0,6114.6
11/17/2011 15,11/17/2011 20,0,87995.686,6122.9,0,6122.9
11/17/2011 16,11/17/2011 21,0,87974.085,6126.2,0,6126.2
11/17/2011 17,11/17/2011 22,0,90391.872,6099.2,0,6099.2
11/17/2011 18,11/17/2011 23,0.01,96497.845,5932,59.38,5932
11/17/2011 19,11/18/2011 00,0.01,98298.026,5015.8,50.18,5015.8
11/17/2011 20,11/18/2011 01,0,97443.279,5013.8,0,5013.8
11/17/2011 21,11/18/2011 02,0,96113.982,5072.7,0,5072.7
11/17/2011 22,11/18/2011 03,0,92859.4,5143,0,5143
11/17/2011 23,11/18/2011 04,0,87506.271,4899.3,0,4899.3
11/17/2011 24,11/18/2011 05,0,82100.355,4916,0,4916
11/18/2011 01,11/18/2011 06,0,78088.256,5128.3,0,5128.3
11/18/2011 02,11/18/2011 07,0,75794.373,5136.7,0,5136.7
11/18/2011 03,11/18/2011 08,0,75065.398,5131.9,0,5131.9
11/18/2011 04,11/18/2011 09,0,75149.969,5145.7,0,5145.7
11/18/2011 05,11/18/2011 10,0,77168.289,5147.7,0,5147.7
11/18/2011 06,11/18/2011 11,0,82465.728,5112.3,0,5112.3
11/18/2011 07,11/18/2011 12,0,91453.337,6334.3,0,6334.3
11/18/2011 08,11/18/2011 13,0.01,95436.994,6236.3,62.4,6236.3
11/18/2011 09,11/18/2011 14,0.01,94443.851,6230.6,62.33,6230.6
11/18/2011 10,11/18/2011 15,0,92401.012,6230.2,0,6230.2
11/18/2011 11,11/18/2011 16,0,90774.373,6241.4,0,6241.4
11/18/2011 12,11/18/2011 17,0,88804.588,6306,0,6306
11/18/2011 13,11/18/2011 18,0,86965.776,6027.4,0,6027.4
11/18/2011 14,11/18/2011 19,0,85749.625,6348.8,0,6348.8
11/18/2011 15,11/18/2011 20,0,84611.105,6348.7,0,6348.7
11/18/2011 16,11/18/2011 21,0,83965.512,6329.7,0,6329.7
11/18/2011 17,11/18/2011 22,0,86154.379,5900.9,0,5900.9
11/18/2011 18,11/18/2011 23,0.01,92843.766,5932.4,59.37,5932.4
11/18/2011 19,11/19/2011 00,0.01,94430.449,5008.3,50.12,5008.3
11/18/2011 20,11/19/2011 01,0,93516.176,5037.7,0,5037.7
11/18/2011 21,11/19/2011 02,0,92297.788,5054.1,0,5054.1
11/18/2011 22,11/19/2011 03,0,89806.564,4976.4,0,4976.4
11/18/2011 23,11/19/2011 04,0,85511.665,4840.1,0,4840.1
11/18/2011 24,11/19/2011 05,0,80703.954,4841.7,0,4841.7
11/19/2011 01,11/19/2011 06,0,76640.736,4115.6,0,4115.6
11/19/2011 02,11/19/2011 07,0,74622.401,4060.8,0,4060.8
11/19/2011 03,11/19/2011 08,0,73373.453,4183.6,0,4183.6
11/19/2011 04,11/19/2011 09,0,72912.347,4068.4,0,4068.4
11/19/2011 05,11/19/2011 10,0,73573.526,4063.3,0,4063.3
11/19/2011 06,11/19/2011 11,0,75815.471,4079.6,0,4079.6
11/19/2011 07,11/19/2011 12,0,79045.875,4025.4,0,4025.4
11/19/2011 08,11/19/2011 13,0.01,81882.008,4104.7,41.12,4104.7
11/19/2011 09,11/19/2011 14,0.01,83547.146,4125.7,41.3,4125.7
11/19/2011 10,11/19/2011 15,0.01,83387.172,4126.8,41.31,4126.8
11/19/2011 11,11/19/2011 16,0,82264.618,4015.3,0,4015.3
11/19/2011 12,11/19/2011 17,0,80364.847,3956.7,0,3956.7
11/19/2011 13,11/19/2011 18,0,78350.521,4201.4,0,4201.4
11/19/2011 14,11/19/2011 19,0,76475.052,4166,0,4166
11/19/2011 15,11/19/2011 20,0,75428.461,4233,0,4233
11/19/2011 16,11/19/2011 21,0,75188.853,4201.1,0,4201.1
11/19/2011 17,11/19/2011 22,0,77294.951,4234.2,0,4234.2
11/19/2011 18,11/19/2011 23,0,83092.734,4160.7,0,4160.7
11/19/2011 19,11/20/2011 00,0,84260.147,4146.1,0,4146.1
11/19/2011 20,11/20/2011 01,0,83248.331,4247.2,0,4247.2
11/19/2011 21,11/20/2011 02,0,81765.201,4148.5,0,4148.5
11/19/2011 22,11/20/2011 03,0,78988.506,4497.5,0,4497.5
11/19/2011 23,11/20/2011 04,0,75238.018,4256.7,0,4256.7
11/19/2011 24,11/20/2011 05,0,70771.057,4236.6,0,4236.6
11/20/2011 01,11/20/2011 06,0,66912.602,4230.5,0,4230.5
11/20/2011 02,11/20/2011 07,0,64228.341,4223.4,0,4223.4
11/20/2011 03,11/20/2011 08,0,62416.429,4209.9,0,4209.9
11/20/2011 04,11/20/2011 09,0,61573.035,4168.2,0,4168.2
11/20/2011 05,11/20/2011 10,0,61493.791,4241.4,0,4241.4
11/20/2011 06,11/20/2011 11,0,62701.573,4222.9,0,4222.9
11/20/2011 07,11/20/2011 12,0,64613.469,4239.9,0,4239.9
11/20/2011 08,11/20/2011 13,0,66697.281,4181.7,0,4181.7
11/20/2011 09,11/20/2011 14,0,69186.528,4163.3,0,4163.3
11/20/2011 10,11/20/2011 15,0,70865.077,4159.8,0,4159.8
11/20/2011 11,11/20/2011 16,0,71567.96,4239.9,0,4239.9
11/20/2011 12,11/20/2011 17,0,71757.734,4172.2,0,4172.2
11/20/2011 13,11/20/2011 18,0,71682.899,4167,0,4167
11/20/2011 14,11/20/2011 19,0,71610.957,4054.8,0,4054.8
11/20/2011 15,11/20/2011 20,0,71490.618,4141.4,0,4141.4
11/20/2011 16,11/20/2011 21,0,72159.969,4174.4,0,4174.4
11/20/2011 17,11/20/2011 22,0,75059.842,4036.8,0,4036.8
11/20/2011 18,11/20/2011 23,0.02,80813.797,3993.4,79.89,3993.4
11/20/2011 19,11/21/2011 00,0.01,81783.883,3986.1,39.85,3986.1
11/20/2011 20,11/21/2011 01,0.01,80917.381,4026.7,40.23,4026.7
11/20/2011 21,11/21/2011 02,0,79338.667,4110.9,0,4110.9
11/20/2011 22,11/21/2011 03,0,76163.248,4226.1,0,4226.1
11/20/2011 23,11/21/2011 04,0,71917.656,4139.5,0,4139.5
11/20/2011 24,11/21/2011 05,0,67428.12,4083.7,0,4083.7
11/21/2011 01,11/21/2011 06,0,64140.238,4814.7,0,4814.7
11/21/2011 02,11/21/2011 07,0,61948.627,4814.7,0,4814.7
11/21/2011 03,11/21/2011 08,0,61076.971,4814.7,0,4814.7
11/21/2011 04,11/21/2011 09,0,61072.026,4814.7,0,4814.7
11/21/2011 05,11/21/2011 10,0,62744.341,4814.7,0,4814.7
11/21/2011 06,11/21/2011 11,0,67399.116,4814.7,0,4814.7
11/21/2011 07,11/21/2011 12,0,76155.635,5982.7,0,5982.7
11/21/2011 08,11/21/2011 13,0,81637.83,5827.8,0,5827.8
11/21/2011 09,11/21/2011 14,0,82969.468,5882.9,0,5882.9
11/21/2011 10,11/21/2011 15,0,83977.929,5862.2,0,5862.2
11/21/2011 11,11/21/2011 16,0,84571.341,5926.4,0,5926.4
11/21/2011 12,11/21/2011 17,0,84410.42,5914.2,0,5914.2
11/21/2011 13,11/21/2011 18,0,84124.545,5994.7,0,5994.7
11/21/2011 14,11/21/2011 19,0,83731.364,5994.7,0,5994.7
11/21/2011 15,11/21/2011 20,0,83597.236,5991.7,0,5991.7
11/21/2011 16,11/21/2011 21,0,83720.76,5994.7,0,5994.7
11/21/2011 17,11/21/2011 22,0,86111.858,5994.7,0,5994.7
11/21/2011 18,11/21/2011 23,0,90728.772,5322.4,0,5322.4
11/21/2011 19,11/22/2011 00,0,91501.717,4435.1,0,4435.1
11/21/2011 20,11/22/2011 01,0,89934.964,4551.7,0,4551.7
11/21/2011 21,11/22/2011 02,0,88030.38,4551.7,0,4551.7
11/21/2011 22,11/22/2011 03,0,84056.146,4551.7,0,4551.7
11/21/2011 23,11/22/2011 04,0,78660.747,4251.7,0,4251.7
11/21/2011 24,11/22/2011 05,0,72596.156,4302.7,0,4302.7
11/22/2011 01,11/22/2011 06,0,68119.012,4881.1,0,4881.1
11/22/2011 02,11/22/2011 07,0,65520.119,4881.1,0,4881.1
11/22/2011 03,11/22/2011 08,0,64340.734,4881.1,0,4881.1
11/22/2011 04,11/22/2011 09,0,64147.315,4881.1,0,4881.1
11/22/2011 05,11/22/2011 10,0,65361.202,4881.1,0,4881.1
11/22/2011 06,11/22/2011 11,0,69964.858,4881.1,0,4881.1
11/22/2011 07,11/22/2011 12,0,78415.954,5746.1,0,5746.1
11/22/2011 08,11/22/2011 13,0,84060.559,5747.1,0,5747.1
11/22/2011 09,11/22/2011 14,0,85691.723,6032.2,0,6032.2
11/22/2011 10,11/22/2011 15,0,86427.466,6047.1,0,6047.1
11/22/2011 11,11/22/2011 16,0,87456.007,6047.1,0,6047.1
11/22/2011 12,11/22/2011 17,0,87534.787,6047.1,0,6047.1
11/22/2011 13,11/22/2011 18,0,87216.743,5987.8,0,5987.8
11/22/2011 14,11/22/2011 19,0,87254.932,6047.1,0,6047.1
11/22/2011 15,11/22/2011 20,0,86904.164,6047.1,0,6047.1
11/22/2011 16,11/22/2011 21,0,86833.037,5484.1,0,5484.1
11/22/2011 17,11/22/2011 22,0,89090.07,5484.1,0,5484.1
11/22/2011 18,11/22/2011 23,0,92492.116,5336.1,0,5336.1
11/22/2011 19,11/23/2011 00,0,92340.152,4503,0,4503
11/22/2011 20,11/23/2011 01,0,90763.979,4619.1,0,4619.1
11/22/2011 21,11/23/2011 02,0,88490.351,4619.1,0,4619.1
11/22/2011 22,11/23/2011 03,0,84668.587,4619.1,0,4619.1
11/22/2011 23,11/23/2011 04,0,79266.801,4619.1,0,4619.1
11/22/2011 24,11/23/2011 05,0,73454.267,4318.1,0,4318.1
11/23/2011 01,11/23/2011 06,0,68569.995,4841.3,0,4841.3
11/23/2011 02,11/23/2011 07,0,65746.193,4822.9,0,4822.9
11/23/2011 03,11/23/2011 08,0,64251.381,4724.4,0,4724.4
11/23/2011 04,11/23/2011 09,0,63674.276,4772.5,0,4772.5
11/23/2011 05,11/23/2011 10,0,64809.342,4724.4,0,4724.4
11/23/2011 06,11/23/2011 11,0,68907.524,4724.4,0,4724.4
11/23/2011 07,11/23/2011 12,0,76199.68,5614.4,0,5614.4
11/23/2011 08,11/23/2011 13,0,81686.73,5614.4,0,5614.4
11/23/2011 09,11/23/2011 14,0,83864.141,5864.4,0,5864.4
11/23/2011 10,11/23/2011 15,0,85498.466,5864.4,0,5864.4
11/23/2011 11,11/23/2011 16,0,86357.012,5864.4,0,5864.4
11/23/2011 12,11/23/2011 17,0,86194.991,5864.4,0,5864.4
11/23/2011 13,11/23/2011 18,0,85488.784,5783.4,0,5783.4
11/23/2011 14,11/23/2011 19,0,84540.386,5864.4,0,5864.4
11/23/2011 15,11/23/2011 20,0,83569.275,5889.2,0,5889.2
11/23/2011 16,11/23/2011 21,0,83038.475,5976.9,0,5976.9
11/23/2011 17,11/23/2011 22,0,84782.744,5864.4,0,5864.4
11/23/2011 18,11/23/2011 23,0,89352.117,5160.6,0,5160.6
11/23/2011 19,11/24/2011 00,0,90393.94,4264.8,0,4264.8
11/23/2011 20,11/24/2011 01,0,89139.543,4411.4,0,4411.4
11/23/2011 21,11/24/2011 02,0,87416.187,4469.4,0,4469.4
11/23/2011 22,11/24/2011 03,0,84614.887,4309.8,0,4309.8
11/23/2011 23,11/24/2011 04,0,80098.083,4411.4,0,4411.4
11/23/2011 24,11/24/2011 05,0,74606.469,4161.4,0,4161.4
11/24/2011 01,11/24/2011 06,0,70158.269,4500.3,0,4500.3
11/24/2011 02,11/24/2011 07,0,67382.08,4423.4,0,4423.4
11/24/2011 03,11/24/2011 08,0,65807.554,4341.1,0,4341.1
11/24/2011 04,11/24/2011 09,0,65229.115,4322.9,0,4322.9
11/24/2011 05,11/24/2011 10,0,65719.819,4311.2,0,4311.2
11/24/2011 06,11/24/2011 11,0,67470.449,4412.1,0,4412.1
11/24/2011 07,11/24/2011 12,0,70342.587,4419.6,0,4419.6
11/24/2011 08,11/24/2011 13,0,72906.103,4303.4,0,4303.4
11/24/2011 09,11/24/2011 14,0,75178.467,4297.1,0,4297.1
11/24/2011 10,11/24/2011 15,0,76960.266,4320.3,0,4320.3
11/24/2011 11,11/24/2011 16,0,78078.477,4287.1,0,4287.1
11/24/2011 12,11/24/2011 17,0,77944.986,4267.1,0,4267.1
11/24/2011 13,11/24/2011 18,0,75698.985,4355.4,0,4355.4
11/24/2011 14,11/24/2011 19,0,72408.262,4356.2,0,4356.2
11/24/2011 15,11/24/2011 20,0,69555.772,4328.7,0,4328.7
11/24/2011 16,11/24/2011 21,0,67664.051,4173.3,0,4173.3
11/24/2011 17,11/24/2011 22,0,67433.786,4233.7,0,4233.7
11/24/2011 18,11/24/2011 23,0,71198.743,4417.7,0,4417.7
11/24/2011 19,11/25/2011 00,0,72282.547,4381,0,4381
11/24/2011 20,11/25/2011 01,0,72403.795,4456.9,0,4456.9
11/24/2011 21,11/25/2011 02,0,72646.661,4434.3,0,4434.3
11/24/2011 22,11/25/2011 03,0,71970.379,4360.4,0,4360.4
11/24/2011 23,11/25/2011 04,0,70280.085,4408.3,0,4408.3
11/24/2011 24,11/25/2011 05,0,67782.4,4177.5,0,4177.5
11/25/2011 01,11/25/2011 06,0,65297.867,4214,0,4214
11/25/2011 02,11/25/2011 07,0,63981.783,4214,0,4214
11/25/2011 03,11/25/2011 08,0,63566.162,4151.7,0,4151.7
11/25/2011 04,11/25/2011 09,0,63794.758,4151.7,0,4151.7
11/25/2011 05,11/25/2011 10,0,65289.963,4149,0,4149
11/25/2011 06,11/25/2011 11,0,68141.489,4385.6,0,4385.6
11/25/2011 07,11/25/2011 12,0,72043.021,4357.3,0,4357.3
11/25/2011 08,11/25/2011 13,0,74247.363,4196,0,4196
11/25/2011 09,11/25/2011 14,0,75088.123,4162.1,0,4162.1
11/25/2011 10,11/25/2011 15,0,74790.96,4279.4,0,4279.4
11/25/2011 11,11/25/2011 16,0,74230.171,4147.5,0,4147.5
11/25/2011 12,11/25/2011 17,0,73122.222,4280.2,0,4280.2
11/25/2011 13,11/25/2011 18,0,71865.078,4350.6,0,4350.6
11/25/2011 14,11/25/2011 19,0,70816.523,4389.2,0,4389.2
11/25/2011 15,11/25/2011 20,0,69721.96,4404.8,0,4404.8
11/25/2011 16,11/25/2011 21,0,69689.043,4292.2,0,4292.2
11/25/2011 17,11/25/2011 22,0,71547.201,4353.8,0,4353.8
11/25/2011 18,11/25/2011 23,0.01,78164.107,4188.4,41.87,4188.4
11/25/2011 19,11/26/2011 00,0,79530.751,4084.5,0,4084.5
11/25/2011 20,11/26/2011 01,0,78547.995,4080.8,0,4080.8
11/25/2011 21,11/26/2011 02,0,77356.288,4096.7,0,4096.7
11/25/2011 22,11/26/2011 03,0,75476.096,4025.3,0,4025.3
11/25/2011 23,11/26/2011 04,0,72455.728,4302.7,0,4302.7
11/25/2011 24,11/26/2011 05,0,68565.621,4199.7,0,4199.7
11/26/2011 01,11/26/2011 06,0,65394.295,4075.6,0,4075.6
11/26/2011 02,11/26/2011 07,0,63255.379,3998.4,0,3998.4
11/26/2011 03,11/26/2011 08,0,62227.278,4272.7,0,4272.7
11/26/2011 04,11/26/2011 09,0,61931.587,4160.6,0,4160.6
11/26/2011 05,11/26/2011 10,0,62750.238,4160.6,0,4160.6
11/26/2011 06,11/26/2011 11,0,64579.4,4082.6,0,4082.6
11/26/2011 07,11/26/2011 12,0,67722.054,4085.7,0,4085.7
11/26/2011 08,11/26/2011 13,0,70400.786,4004,0,4004
11/26/2011 09,11/26/2011 14,0,72913.156,4010.6,0,4010.6
11/26/2011 10,11/26/2011 15,0,74158.342,4374.5,0,4374.5
11/26/2011 11,11/26/2011 16,0,74306.687,4388.9,0,4388.9
11/26/2011 12,11/26/2011 17,0,73436.52,4460.6,0,4460.6
11/26/2011 13,11/26/2011 18,0,72160.253,4366.1,0,4366.1
11/26/2011 14,11/26/2011 19,0,70867.816,4455.5,0,4455.5
11/26/2011 15,11/26/2011 20,0,70009.089,4446.2,0,4446.2
11/26/2011 16,11/26/2011 21,0,69802.888,4460.7,0,4460.7
11/26/2011 17,11/26/2011 22,0,72161.732,4460.6,0,4460.6
11/26/2011 18,11/26/2011 23,0,77924.328,4445.7,0,4445.7
11/26/2011 19,11/27/2011 00,0,79111.831,4001.1,0,4001.1
11/26/2011 20,11/27/2011 01,0,78222.447,4059.1,0,4059.1
11/26/2011 21,11/27/2011 02,0,77093.454,4003.2,0,4003.2
11/26/2011 22,11/27/2011 03,0,74913.305,4008.8,0,4008.8
11/26/2011 23,11/27/2011 04,0,71813.495,4132.6,0,4132.6
11/26/2011 24,11/27/2011 05,0,67881.357,4160.6,0,4160.6
11/27/2011 01,11/27/2011 06,0,64197.289,4223.9,0,4223.9
11/27/2011 02,11/27/2011 07,0,61815.643,4223.9,0,4223.9
11/27/2011 03,11/27/2011 08,0,60609.331,4223.9,0,4223.9
11/27/2011 04,11/27/2011 09,0,60008.235,4223.9,0,4223.9
11/27/2011 05,11/27/2011 10,0,60308.829,4223.9,0,4223.9
11/27/2011 06,11/27/2011 11,0,61671.573,4223.9,0,4223.9
11/27/2011 07,11/27/2011 12,0,63934.594,4223.9,0,4223.9
11/27/2011 08,11/27/2011 13,0,66005.568,4223.9,0,4223.9
11/27/2011 09,11/27/2011 14,0,68360.824,4215.7,0,4215.7
11/27/2011 10,11/27/2011 15,0,70095.781,4516.6,0,4516.6
11/27/2011 11,11/27/2011 16,0,70972.466,4499.2,0,4499.2
11/27/2011 12,11/27/2011 17,0,71147.271,4458.9,0,4458.9
11/27/2011 13,11/27/2011 18,0,71540.438,4518.6,0,4518.6
11/27/2011 14,11/27/2011 19,0,71526.872,4516.7,0,4516.7
11/27/2011 15,11/27/2011 20,0,71269.917,4513.2,0,4513.2
11/27/2011 16,11/27/2011 21,0,71614.49,4506.1,0,4506.1
11/27/2011 17,11/27/2011 22,0,74685.52,4536.1,0,4536.1
11/27/2011 18,11/27/2011 23,0.01,81234.721,4261.2,42.61,4261.2
11/27/2011 19,11/28/2011 00,0,82552.803,3967.8,0,3967.8
11/27/2011 20,11/28/2011 01,0,81657.11,4187.8,0,4187.8
11/27/2011 21,11/28/2011 02,0,79992.068,4220.3,0,4220.3
11/27/2011 22,11/28/2011 03,0,76556.366,4135,0,4135
11/27/2011 23,11/28/2011 04,0,72096.913,4145.4,0,4145.4
11/27/2011 24,11/28/2011 05,0,67362.085,4043.9,0,4043.9
11/28/2011 01,11/28/2011 06,0,63419.056,4809.8,0,4809.8
11/28/2011 02,11/28/2011 07,0,61240.999,4809.8,0,4809.8
11/28/2011 03,11/28/2011 08,0,60239.066,4809.8,0,4809.8
11/28/2011 04,11/28/2011 09,0,60276.25,4809.8,0,4809.8
11/28/2011 05,11/28/2011 10,0,61976.003,4809.8,0,4809.8
11/28/2011 06,11/28/2011 11,0,66699.536,4809.8,0,4809.8
11/28/2011 07,11/28/2011 12,0,74623.125,5988.2,0,5988.2
11/28/2011 08,11/28/2011 13,0,80296.685,6004.8,0,6004.8
11/28/2011 09,11/28/2011 14,0,81682.326,6004.8,0,6004.8
11/28/2011 10,11/28/2011 15,0,82471.556,5985.5,0,5985.5
11/28/2011 11,11/28/2011 16,0,83364.483,5929.9,0,5929.9
11/28/2011 12,11/28/2011 17,0,83262.28,5938.7,0,5938.7
11/28/2011 13,11/28/2011 18,0,83274.9,5968.3,0,5968.3
11/28/2011 14,11/28/2011 19,0,83080.463,5828.9,0,5828.9
11/28/2011 15,11/28/2011 20,0,82795.216,6004.8,0,6004.8
11/28/2011 16,11/28/2011 21,0,82703.192,5837.7,0,5837.7
11/28/2011 17,11/28/2011 22,0,84793.248,5688.5,0,5688.5
11/28/2011 18,11/28/2011 23,0.01,90770.548,5773.3,57.75,5773.3
11/28/2011 19,11/29/2011 00,0.01,91903.945,4926.1,49.29,4926.1
11/28/2011 20,11/29/2011 01,0,90340.455,4807.5,0,4807.5
11/28/2011 21,11/29/2011 02,0,88170.88,5044.8,0,5044.8
11/28/2011 22,11/29/2011 03,0,83899.81,5109.8,0,5109.8
11/28/2011 23,11/29/2011 04,0,77960.56,5109.8,0,5109.8
11/28/2011 24,11/29/2011 05,0,71969.871,4809.8,0,4809.8
11/29/2011 01,11/29/2011 06,0,67320.748,5099.5,0,5099.5
11/29/2011 02,11/29/2011 07,0,64703.872,4900.3,0,4900.3
11/29/2011 03,11/29/2011 08,0,63370.685,4936.3,0,4936.3
11/29/2011 04,11/29/2011 09,0,62809.19,4904.3,0,4904.3
11/29/2011 05,11/29/2011 10,0,64047.426,4904.3,0,4904.3
11/29/2011 06,11/29/2011 11,0,68565.954,4904.3,0,4904.3
11/29/2011 07,11/29/2011 12,0,77302.144,6089.3,0,6089.3
11/29/2011 08,11/29/2011 13,0,82701.124,6139.3,0,6139.3
11/29/2011 09,11/29/2011 14,0,84005.358,6089.3,0,6089.3
11/29/2011 10,11/29/2011 15,0,85136.096,6089.3,0,6089.3
11/29/2011 11,11/29/2011 16,0,85998.74,6089.3,0,6089.3
11/29/2011 12,11/29/2011 17,0,86060.256,6089.3,0,6089.3
11/29/2011 13,11/29/2011 18,0,85973.31,6089.3,0,6089.3
11/29/2011 14,11/29/2011 19,0,85905.673,6139.3,0,6139.3
11/29/2011 15,11/29/2011 20,0,85743.005,5918.3,0,5918.3
11/29/2011 16,11/29/2011 21,0,86110.722,6089.3,0,6089.3
11/29/2011 17,11/29/2011 22,0,88950.767,6022.3,0,6022.3
11/29/2011 18,11/29/2011 23,0,94646.487,5436.3,0,5436.3
11/29/2011 19,11/30/2011 00,0,95541.347,4542.7,0,4542.7
11/29/2011 20,11/30/2011 01,0,94197.203,4608.3,0,4608.3
11/29/2011 21,11/30/2011 02,0,92379.829,4641.3,0,4641.3
11/29/2011 22,11/30/2011 03,0,88404.947,4641.3,0,4641.3
11/29/2011 23,11/30/2011 04,0,82569.062,4341.3,0,4341.3
11/29/2011 24,11/30/2011 05,0,76648.664,4341.3,0,4341.3
11/30/2011 01,11/30/2011 06,0,72104.712,5091.1,0,5091.1
11/30/2011 02,11/30/2011 07,0,69717.15,5091.1,0,5091.1
11/30/2011 03,11/30/2011 08,0,68796.91,5091.1,0,5091.1
11/30/2011 04,11/30/2011 09,0,68970.406,5096.7,0,5096.7
11/30/2011 05,11/30/2011 10,0,70748.228,5087.4,0,5087.4
11/30/2011 06,11/30/2011 11,0,76112.169,5091.1,0,5091.1
11/30/2011 07,11/30/2011 12,0,85263.658,6292.6,0,6292.6
11/30/2011 08,11/30/2011 13,0,90492.8,6300.2,0,6300.2
11/30/2011 09,11/30/2011 14,0,90601.679,6292.7,0,6292.7
11/30/2011 10,11/30/2011 15,0,90174.283,6311.1,0,6311.1
11/30/2011 11,11/30/2011 16,0,89920.71,6311.1,0,6311.1
11/30/2011 12,11/30/2011 17,0,89498.549,6311.1,0,6311.1
11/30/2011 13,11/30/2011 18,0,88911.971,6311.1,0,6311.1
11/30/2011 14,11/30/2011 19,0,88484.632,6311.1,0,6311.1
11/30/2011 15,11/30/2011 20,0,87949.112,6311.1,0,6311.1
11/30/2011 16,11/30/2011 21,0,88053.877,6311.1,0,6311.1
11/30/2011 17,11/30/2011 22,0,91158.051,5748.1,0,5748.1
11/30/2011 18,11/30/2011 23,0,97759.013,5644.4,0,5644.4
11/30/2011 19,12/01/2011 00,0.01,99397.638,4734.7,47.39,4734.7
11/30/2011 20,12/01/2011 01,0,98623.969,4694.8,0,4694.8
11/30/2011 21,12/01/2011 02,0,97166.485,4828.1,0,4828.1
11/30/2011 22,12/01/2011 03,0,93921.673,4828.1,0,4828.1
11/30/2011 23,12/01/2011 04,0,87884.381,4528.1,0,4528.1
11/30/2011 24,12/01/2011 05,0,81873.536,4528.1,0,4528.1
End of Report,,,,,,
